,album,artist,rank
1,Hoodie SZN,A Boogie Wit da Hoodie,1
201,I Am > I Was,21 Savage,1
601,Dying To Live,Kodak Black,1
801,Skins,XXXTENTACION,1
1001,Championships,Meek Mill,1
1201,ASTROWORLD,Travis Scott,1
1401,Delta,Mumford & Sons,1
1601,Experiment,Kane Brown,1
1801,Not All Heroes Wear Capes,Metro Boomin,1
2001,Si,Andrea Bocelli,1
2201,A Star Is Born (Soundtrack),Lady Gaga & Bradley Cooper,1
2801,Tha Carter V,Lil Wayne,1
3001,iridescence,BrockHampton,1
3201,Cry Pretty,Carrie Underwood,1
3401,Egypt Station,Paul McCartney,1
3601,Kamikaze,Eminem,1
3801,Love Yourself: Answer,BTS,1
4001,Sweetener,Ariana Grande,1
4601,Scorpion,Drake,1
5601,Pray For The Wicked,Panic! At The Disco,1
5801,Youngblood,5 Seconds Of Summer,1
6001,Come Tomorrow,Dave Matthews Band,1
6201,ye,Kanye West,1
6401,Shawn Mendes,Shawn Mendes,1
6601,Love Yourself: Tear,BTS,1
6801,beerbongs & bentleys,Post Malone,1
7401,KOD,J. Cole,1
7601,Rearview Town,Jason Aldean,1
7801,Invasion Of Privacy,Cardi B,1
8001,"My Dear Melancholy, (EP)",The Weeknd,1
8201,Boarding House Reach,Jack White,1
8401,?,XXXTENTACION,1
8601,Bobby Tarantino II,Logic,1
8801,"Black Panther: The Album, Music From And Inspired By",Soundtrack,1
9001,This House Is Not For Sale,Bon Jovi,1
9601,Man Of The Woods,Justin Timberlake,1
9801,Culture II,Migos,1
10001,M A N I A,Fall Out Boy,1
10201,Camila,Camila Cabello,1
10401,The Greatest Showman,Soundtrack,1
10801,reputation,Taylor Swift,1
11001,What Makes You Country,Luke Bryan,1
11201,Songs Of Experience,U2,1
12001,The Thrill Of It All,Sam Smith,1
12201,Live In No Shoes Nation,Kenny Chesney,1
12401,Flicker,Niall Horan,1
12601,Beautiful Trauma,P!nk,1
12801,Perception,NF,1
13001,Now,Shania Twain,1
13201,Wonderful Wonderful,The Killers,1
13401,Concrete And Gold,Foo Fighters,1
13601,Life Changes,Thomas Rhett,1
13801,American Dream,LCD Soundsystem,1
14001,Luv Is Rage 2,Lil Uzi Vert,1
14201,Science Fiction,Brand New,1
14401,Rainbow,Kesha,1
14601,DAMN.,Kendrick Lamar,1
14801,Everything Now,Arcade Fire,1
15001,Lust For Life,Lana Del Rey,1
15201,4:44,JAY-Z,1
15601,Grateful,DJ Khaled,1
16001,Melodrama,Lorde,1
16201,Witness,Katy Perry,1
16401,hopeless fountain kingdom,Halsey,1
16601,True To Self,Bryson Tiller,1
16801,One More Light,Linkin Park,1
17001,Harry Styles,Harry Styles,1
17201,Everybody,Logic,1
18001,Memories...Do Not Open,The Chainsmokers,1
18201,More Life,Drake,1
18801,รท (Divide),Ed Sheeran,1
19201,HNDRXX,Future,1
19401,FUTURE,Future,1
19601,Fifty Shades Darker,Soundtrack,1
19801,I Decided.,Big Sean,1
20001,Culture,Migos,1
20201,Starboy,The Weeknd,1
21001,A Pentatonix Christmas,Pentatonix,1
21401,4 Your Eyez Only,J. Cole,1
21601,The Hamilton Mixtape,Various Artists,1
22001,Hardwired...To Self-Destruct,Metallica,1
22201,We Got It From Here...Thank You 4 Your Service,A Tribe Called Quest,1
22601,Trap Or Die 3,Jeezy,1
22801,Joanne,Lady Gaga,1
23001,Walls,Kings Of Leon,1
23201,Revolution Radio,Green Day,1
23401,A Seat At The Table,Solange,1
23601,Illuminate,Shawn Mendes,1
23801,Views,Drake,1
24001,They Don't Know,Jason Aldean,1
24201,Birds In The Trap Sing McKnight,Travis Scott,1
24401,Encore: Movie Partners Sing Broadway,Barbra Streisand,1
24601,Blonde,Frank Ocean,1
24801,Suicide Squad: The Album,Soundtrack,1
25201,Major Key,DJ Khaled,1
26001,California,Blink-182,1
28001,Lemonade,Beyonce,1
28201,The Very Best Of Prince,Prince,1
28401,Cleopatra,The Lumineers,1
28601,The Life Of Pablo,Kanye West,1
28801,Mind Of Mine,Zayn,1
29001,This Is What The Truth Feels Like,Gwen Stefani,1
29201,ANTI,Rihanna,1
29401,untitled unmastered.,Kendrick Lamar,1
29601,"I Like It When You Sleep, For You Are So Beautiful Yet So Unaware Of It",The 1975,1
29801,25,Adele,1
30201,EVOL,Future,1
30801,Death Of A Bachelor,Panic! At The Disco,1
31001,Blackstar,David Bowie,1
32601,Purpose,Justin Bieber,1
32801,Traveller,Chris Stapleton,1
33201,Sounds Good Feels Good,5 Seconds Of Summer,1
33401,Pentatonix,Pentatonix,1
33601,Revival,Selena Gomez,1
33801,Unbreakable,Janet,1
34001,Fetty Wap,Fetty Wap,1
34201,What A Time To Be Alive,Drake & Future,1
34401,Beauty Behind The Madness,The Weeknd,1
35001,Immortalized,Disturbed,1
35201,Kill The Lights,Luke Bryan,1
35601,Descendants,Soundtrack,1
35801,Woman,Jill Scott,1
36001,DS2,Future,1
36201,Black Rose,Tyrese,1
36401,Dreams Worth More Than Money,Meek Mill,1
36801,Dark Before Dawn,Breaking Benjamin,1
37001,Before This World,James Taylor,1
37201,Drones,Muse,1
37401,How Big How Blue How Beautiful,Florence + The Machine,1
37601,AT.LONG.LAST.A$AP,A$AP Rocky,1
37801,Blurryface,twenty one pilots,1
38001,Pitch Perfect 2,Soundtrack,1
38201,Wilder Mind,Mumford & Sons,1
38401,JEKYLL + HYDE,Zac Brown Band,1
38601,Sound & Color,Alabama Shakes,1
38801,Handwritten,Shawn Mendes,1
39001,Furious 7,Soundtrack,1
39201,The Album About Nothing,Wale,1
39401,To Pimp A Butterfly,Kendrick Lamar,1
39801,Empire: Original Soundtrack From Season 1,Soundtrack,1
40001,Piece By Piece,Kelly Clarkson,1
40201,Dark Sky Paradise,Big Sean,1
40401,Smoke + Mirrors,Imagine Dragons,1
40601,If You're Reading This It's Too Late,Drake,1
40801,1989,Taylor Swift,1
41201,American Beauty / American Psycho,Fall Out Boy,1
41401,Title,Meghan Trainor,1
42401,2014 Forest Hills Drive,J. Cole,1
43001,FOUR,One Direction,1
43801,.5: The Gray Chapter,Slipknot,1
44001,Anything Goes,Florida Georgia Line,1
44201,"Old Boots, New Dirt",Jason Aldean,1
44401,BRINGING BACK THE SUNSHINE,Blake Shelton,1
44601,Cheek To Cheek,Tony Bennett & Lady Gaga,1
44801,Partners,Barbra Streisand,1
45001,Anomaly,Lecrae,1
45201,V,Maroon 5,1
45401,My Everything,Ariana Grande,1
45601,Blacc Hollywood,Wiz Khalifa,1
45801,Guardians Of The Galaxy: Awesome Mix Vol. 1,Soundtrack,1
46201,Hypnotic Eye,Tom Petty And The Heartbreakers,1
46401,5 Seconds Of Summer,5 Seconds Of Summer,1
46601,Mandatory Fun,"""Weird Al"" Yankovic",1
46801,1000 Forms Of Fear,Sia,1
47001,Trigga,Trey Songz,1
47201,x,Ed Sheeran,1
47401,Ultraviolence,Lana Del Rey,1
47601,Lazaretto,Jack White,1
47801,Platinum,Miranda Lambert,1
48001,Ghost Stories,Coldplay,1
48401,Turn Blue,The Black Keys,1
48601,NOW 50,Various Artists,1
48801,Frozen,Soundtrack,1
50401,Mastermind,Rick Ross,1
50601,Oxymoron,ScHoolboy Q,1
51001,The Outsiders,Eric Church,1
51201,NOW 49,Various Artists,1
51801,High Hopes,Bruce Springsteen,1
52401,Beyonce,Beyonce,1
53001,Blame It All On My Roots: Five Decades Of Influences,Garth Brooks,1
53201,Midnight Memories,One Direction,1
53401,The Marshall Mathers LP 2,Eminem,1
53601,ARTPOP,Lady Gaga,1
54001,Reflektor,Arcade Fire,1
54201,PRISM,Katy Perry,1
54401,Lightning Bolt,Pearl Jam,1
54601,Bangerz,Miley Cyrus,1
54801,The 20/20 Experience (2 Of 2),Justin Timberlake,1
55001,Nothing Was The Same,Drake,1
55201,From Here To Now To You,Jack Johnson,1
55401,Fuse,Keith Urban,1
55601,Yours Truly,Ariana Grande,1
55801,Hail To The King,Avenged Sevenfold,1
56001,Crash My Party,Luke Bryan,1
56401,The Civil Wars,The Civil Wars,1
56601,Blurred Lines,Robin Thicke,1
56801,Stars Dance,Selena Gomez,1
57001,Magna Carta... Holy Grail,JAY-Z,1
57401,Born Sinner,J. Cole,1
57601,The Gifted,Wale,1
57801,Yeezus,Kanye West,1
58001,13,Black Sabbath,1
58201,...Like Clockwork,Queens Of The Stone Age,1
58401,Random Access Memories,Daft Punk,1
58801,Modern Vampires Of The City,Vampire Weekend,1
59001,Golden,Lady Antebellum,1
59201,Life On A Rock,Kenny Chesney,1
59401,To Be Loved,Michael Buble,1
59601,Save Rock And Roll,Fall Out Boy,1
59801,Paramore,Paramore,1
60001,The 20/20 Experience,Justin Timberlake,1
60601,What About Now,Bon Jovi,1
60801,Spring Break... Here To Party,Luke Bryan,1
61001,Unorthodox Jukebox,Bruno Mars,1
61201,Babel,Mumford & Sons,1
61601,All That Echoes,Josh Groban,1
61801,Believe: Acoustic,Justin Bieber,1
62001,Set You Free,Gary Allan,1
62201,Long.Live.A$AP,A$AP Rocky,1
62401,Burning Lights,Chris Tomlin,1
62601,Les Miserables,Soundtrack,1
62801,Red,Taylor Swift,1
63601,Girl On Fire,Alicia Keys,1
63801,Unapologetic,Rihanna,1
64001,Take Me Home,One Direction,1
64801,Night Train,Jason Aldean,1
65601,The Truth About Love,P!nk,1
65801,Away From The World,Dave Matthews Band,1
66001,North,matchbox twenty,1
66201,Eye On It,tobyMac,1
66401,Chapter V,Trey Songz,1
66601,Based On A T.R.U. Story,2 Chainz,1
66801,NOW 43,Various Artists,1
67001,"God Forgives, I Don't",Rick Ross,1
67201,Uncaged,Zac Brown Band,1
67401,Life Is Good,Nas,1
67801,Fortune,Chris Brown,1
68001,Living Things,Linkin Park,1
68201,Believe,Justin Bieber,1
68401,Looking 4 Myself,Usher,1
68601,21,Adele,1
68801,Born And Raised,John Mayer,1
69201,Trespassing,Adam Lambert,1
69401,Blown Away,Carrie Underwood,1
69801,Blunderbuss,Jack White,1
70001,Tuskegee,Lionel Richie,1
70401,Pink Friday: Roman Reloaded,Nicki Minaj,1
70601,MDNA,Madonna,1
70801,The Hunger Games: Songs From District 12 And Beyond,Soundtrack,1
71001,Up All Night,One Direction,1
71201,Wrecking Ball,Bruce Springsteen,1
73401,Christmas,Michael Buble,1
74401,Take Care,Drake,1
74601,Blue Slide Park,Mac Miller,1
74801,Under The Mistletoe,Justin Bieber,1
75001,Mylo Xyloto,Coldplay,1
75401,Evanescence,Evanescence,1
75601,Clear As Day,Scotty McCreery,1
75801,Cole World: The Sideline Story,J. Cole,1
76001,Duets II,Tony Bennett,1
76201,Own The Night,Lady Antebellum,1
76401,Tha Carter IV,Lil Wayne,1
76801,The R.E.D. Album,The Game,1
77001,Watch The Throne,Jay Z Kanye West,1
77601,Chief,Eric Church,1
78001,Red River Blue,Blake Shelton,1
78201,4,Beyonce,1
78601,The Light Of The Sun,Jill Scott,1
78801,Hell: The Sequel (EP),Bad Meets Evil,1
79201,Born This Way,Lady Gaga,1
80601,Wasting Light,Foo Fighters,1
81001,Femme Fatale,Britney Spears,1
81201,F.A.M.E.,Chris Brown,1
81601,Lasers,Lupe Fiasco,1
82201,Never Say Never: The Remixes (EP),Justin Bieber,1
82401,NOW 37,Various Artists,1
82601,Pink Friday,Nicki Minaj,1
82801,Mission Bell,Amos Lee,1
83001,The King Is Dead,The Decemberists,1
83201,Showroom Of Compassion,Cake,1
83401,Speak Now,Taylor Swift,1
84201,The Gift,Susan Boyle,1
84601,My Beautiful Dark Twisted Fantasy,Kanye West,1
85601,The Incredible Machine,Sugarland,1
85801,I Am Not A Human Being,Lil Wayne,1
86001,Bullets In The Gun,Toby Keith,1
86201,Hemingway's Whiskey,Kenny Chesney,1
86401,You Get What You Give,Zac Brown Band,1
86601,A Thousand Suns,Linkin Park,1
86801,Kaleidoscope Heart,Sara Bareilles,1
87001,Asylum,Disturbed,1
87201,Teenage Dream,Katy Perry,1
87401,Recovery,Eminem,1
87801,The Suburbs,Arcade Fire,1
88001,Nightmare,Avenged Sevenfold,1
89201,Thank Me Later,Drake,1
89401,"Glee: The Music, Journey To Regionals (EP)",Soundtrack,1
89601,To The Sea,Jack Johnson,1
89801,"Glee: The Music, Volume 3: Showstoppers:",Soundtrack,1
90201,My World 2.0,Justin Bieber,1
90401,The Oracle,Godsmack,1
90601,B.o.B Presents: The Adventures Of Bobby Ray,B.o.B,1
90801,"Glee: The Music, The Power Of Madonna (EP)",Soundtrack,1
91401,Raymond V Raymond,Usher,1
91801,Need You Now,Lady Antebellum,1
92001,Battle Of The Sexes,Ludacris,1
92401,Soldier Of Love,Sade,1
93401,Hope For Haiti Now,Various Artists,1
93601,Contra,Vampire Weekend,1
93801,Animal,Ke$ha,1
94001,I Dreamed A Dream,Susan Boyle,1
95201,Battle Studies,John Mayer,1
95401,The Circle,Bon Jovi,1
95601,Play On,Carrie Underwood,1
95801,Michael Jackson's This Is It (Soundtrack),Michael Jackson,1
96001,The Twilight Saga: New Moon,Soundtrack,1
96201,Crazy Love,Michael Buble,1
96601,Love Is The Answer,Barbra Streisand,1
96801,Backspacer,Pearl Jam,1
97001,The Blueprint 3,JAY-Z,1
97401,I Look To You,Whitney Houston,1
97601,Breakthrough,Colbie Caillat,1
97801,Keep On Loving You,Reba,1
98001,Twang,George Strait,1
98201,LIVE On The Inside,Sugarland,1
98401,Loso's Way (Soundtrack),Fabolous,1
98601,Here We Go Again,Demi Lovato,1
98801,Leave This Town,Daughtry,1
99001,BLACKsummers'night,Maxwell,1
99201,NOW 31,Various Artists,1
99401,The E.N.D.,The Black Eyed Peas,1
99601,"Lines, Vines And Trying Times",Jonas Brothers,1
100001,Big Whiskey And The GrooGrux King,Dave Matthews Band,1
100201,Relapse,Eminem,1
100601,21st Century Breakdown,Green Day,1
100801,Epiphany,Chrisette Michele,1
101001,Together Through Life,Bob Dylan,1
101201,Deeper Than Rap,Rick Ross,1
101401,Hannah Montana: The Movie,Soundtrack,1
101601,Unstoppable,Rascal Flatts,1
101801,Defying Gravity,Keith Urban,1
102001,NOW 30,Various Artists,1
102201,All I Ever Wanted,Kelly Clarkson,1
102601,No Line On The Horizon,U2,1
102801,Fearless,Taylor Swift,1
103401,The Fray,The Fray,1
103601,Working On A Dream,Bruce Springsteen,1
105201,Circus,Britney Spears,1
105401,808s & Heartbreak,Kanye West,1
105601,I Am...Sasha Fierce,Beyonce,1
106001,Twilight,Soundtrack,1
106201,Black Ice,AC/DC,1
106601,Lucky Old Sun,Kenny Chesney,1
106801,Paper Trail,T.I.,1
107201,Death Magnetic,Metallica,1
107801,The Recession,Young Jeezy,1
108001,All Hope Is Gone,Slipknot,1
108201,A Little Bit Longer,Jonas Brothers,1
108601,Mamma Mia!,Soundtrack,1
108801,Love On The Inside,Sugarland,1
109001,Breakout,Miley Cyrus,1
109201,Untitled,Nas,1
109401,Tha Carter III,Lil Wayne,1
109801,Viva La Vida or Death And All His Friends,Coldplay,1
110401,Indestructible,Disturbed,1
110601,Here I Stand,Usher,1
110801,3 Doors Down,3 Doors Down,1
111001,Narrow Stairs,Death Cab For Cutie,1
111201,Home Before Dark,Neil Diamond,1
111401,Hard Candy,Madonna,1
111601,E=MC2,Mariah Carey,1
112001,Spirit,Leona Lewis,1
112201,Troubadour,George Strait,1
112401,DAY26,DAY26,1
112601,Welcome To The Dollhouse,Danity Kane,1
112801,Trilla,Rick Ross,1
113001,Good Time,Alan Jackson,1
113201,Discipline,Janet,1
113401,Sleep Through The Static,Jack Johnson,1
114001,As I Am,Alicia Keys,1
114201,Juno,Soundtrack,1
114801,In Rainbows,Radiohead,1
115001,Growing Pains,Mary J. Blige,1
115201,Noel,Josh Groban,1
116401,American Gangster,JAY-Z,1
116601,Long Road Out Of Eden,Eagles,1
116801,Carnival Ride,Carrie Underwood,1
117001,Magic,Bruce Springsteen,1
117201,Rock N Roll Jesus,Kid Rock,1
117601,Still Feels Good,Rascal Flatts,1
117801,Reba Duets,Reba McEntire,1
118001,Graduation,Kanye West,1
118201,High School Musical 2,Soundtrack,1
119001,Underground Kingz,UGK,1
119201,Finding Forever,Common,1
119401,NOW 25,Various Artists,1
119801,T.I. Vs T.I.P.,T.I.,1
120201,Hannah Montana 2 (Soundtrack)/Meet Miley Cyrus,Miley Cyrus,1
120401,Lost Highway,Bon Jovi,1
120601,Big Dog Daddy,Toby Keith,1
121001,Double Up,R. Kelly,1
121201,It Won't Be Soon Before Long,Maroon 5,1
121401,Minutes To Midnight,Linkin Park,1
121601,Call Me Irresponsible,Michael Buble,1
121801,Because Of You,Ne-Yo,1
122001,The Best Damn Thing,Avril Lavigne,1
122401,NOW 24,Various Artists,1
122801,Let It Go,Tim McGraw,1
123001,We Were Dead Before The Ship Even Sank,Modest Mouse,1
123201,Luvanmusiq,Musiq Soulchild,1
123401,Greatest Hits,The Notorious B.I.G.,1
123601,Daughtry,Daughtry,1
123801,Not Too Late,Norah Jones,1
124201,Infinity On High,Fall Out Boy,1
124601,Late Night Special,Pretty Ricky,1
125001,Dreamgirls,Soundtrack,1
125601,Hip Hop Is Dead,Nas,1
125801,The Inspiration,Young Jeezy,1
126001,Ciara: The Evolution,Ciara,1
126201,Light Grenades,Incubus,1
126401,Kingdom Come,JAY-Z,1
126601,Doctor's Advocate,The Game,1
126801,NOW 23,Various Artists,1
127001,Hannah Montana,Soundtrack,1
127401,Press Play,Diddy,1
127601,Still The Same... Great Rock Classics Of Our Time,Rod Stewart,1
127801,The Open Door,Evanescence,1
128001,Release Therapy,Ludacris,1
128201,FutureSex/LoveSounds,Justin Timberlake,1
128601,B'Day,Beyonce,1
128801,Modern Times,Bob Dylan,1
129001,Danity Kane,Danity Kane,1
129201,Back To Basics,Christina Aguilera,1
129401,Port Of Miami,Rick Ross,1
129601,NOW 22,Various Artists,1
129801,LeToya,LeToya,1
130401,American V: A Hundred Highways,Johnny Cash,1
130601,"Testimony: Vol. 1, Life & Relationship (Bonus Track Edition)",India.Arie,1
130801,Loose,Nelly Furtado,1
131001,The Big Bang,Busta Rhymes,1
131201,Decemberunderground,AFI,1
131401,Taking The Long Way,Dixie Chicks,1
131801,Stadium Arcadium,Red Hot Chili Peppers,1
132201,"10,000 Days",Tool,1
132401,IV,Godsmack,1
132601,Me And My Gang,Rascal Flatts,1
133201,King,T.I.,1
133401,3121,Prince,1
133601,High School Musical,Soundtrack,1
133801,Reality Check,Juvenile,1
134001,In My Own Words,Ne-Yo,1
134401,Ghetto Classics,Jaheim,1
134601,Curious George (Soundtrack),Jack Johnson,1
134801,The Greatest Songs Of The Fifties,Barry Manilow,1
135001,Ancora,Il Divo,1
135201,Unpredictable,Jamie Foxx,1
135401,The Breakthrough,Mary J. Blige,1
136201,Curtain Call: The Hits,Eminem,1
136601,NOW 20,Various Artists,1
136801,Hypnotize,System Of A Down,1
137001,Confessions On A Dance Floor,Madonna,1
137201,The Road And The Radio,Kenny Chesney,1
137601,#1's,Destiny's Child,1
137801,I Am Me,Ashlee Simpson,1
138001,Unplugged,Alicia Keys,1
138201,All The Right Reasons,Nickelback,1
138401,All Jacked Up,Gretchen Wilson,1
138601,Ten Thousand Fists,Disturbed,1
138801,The Peoples Champ,Paul Wall,1
139001,Late Registration,Kanye West,1
139401,Most Wanted,Hilary Duff,1
140001,Fireflies,Faith Hill,1
140201,Now 19,Various Artists,1
140601,TP.3 Reloaded,R. Kelly,1
141001,Somewhere Down In Texas,George Strait,1
141201,X&Y,Coldplay,1
141801,The Emancipation Of Mimi,Mariah Carey,1
142001,Out Of Exile,Audioslave,1
142201,Mezmerize,System Of A Down,1
142401,Stand Up,Dave Matthews Band,1
142601,With Teeth,Nine Inch Nails,1
142801,Devils & Dust,Bruce Springsteen,1
143001,...Something To Be,Rob Thomas,1
143401,The Massacre,50 Cent,1
144601,O,Omarion,1
144801,Genius Loves Company,Ray Charles,1
145001,Seventeen Days,3 Doors Down,1
145201,The Documentary,The Game,1
145401,Be As You Are: Songs From An Old Blue Chair,Kenny Chesney,1
145801,American Idiot,Green Day,1
146201,Encore,Eminem,1
146601,Loyal To The Game,2Pac,1
146801,The Red Light District,Ludacris,1
147001,MTV Ultimate Mash-Ups Presents: Collision Course,Jay-Z/Linkin Park,1
147201,How To Dismantle An Atomic Bomb,U2,1
147801,Now 17,Various Artists,1
148001,Unfinished Business,R. Kelly & Jay-Z,1
148201,Stardust... The Great American Songbook Vol. III,Rod Stewart,1
148401,50 Number Ones,George Strait,1
148801,Feels Like Today,Rascal Flatts,1
149201,Suit,Nelly,1
149401,What I Do,Alan Jackson,1
149601,Live Like You Were Dying,Tim McGraw,1
150001,Now 16,Various Artists,1
150201,Autobiography,Ashlee Simpson,1
151001,License To Chill,Jimmy Buffett,1
151201,The Hunger For More,Lloyd Banks,1
151601,Kiss Of Death,Jadakiss,1
151801,To The 5 Boroughs,Beastie Boys,1
152001,Contraband,Velvet Revolver,1
152201,Confessions,Usher,1
152401,Under My Skin,Avril Lavigne,1
153201,D12 World,D12,1
154401,Feels Like Home,Norah Jones,1
155601,When The Sun Goes Down,Kenny Chesney,1
156001,Speakerboxxx/The Love Below,OutKast,1
156401,Closer,Josh Groban,1
157001,The Diary Of Alicia Keys,Alicia Keys,1
157201,Soulful,Ruben Studdard,1
157601,The Black Album,JAY-Z,1
157801,In The Zone,Britney Spears,1
158201,Shock'n Y'All,Toby Keith,1
158601,Measure Of A Man,Clay Aiken,1
159001,Chicken*N*Beer,Ludacris,1
159601,Grand Champ,DMX,1
159801,Heavier Things,John Mayer,1
160001,Metamorphosis,Hilary Duff,1
160201,Love & Life,Mary J. Blige,1
160401,The Neptunes Present... Clones,Various Artists,1
160601,Greatest Hits Volume II And Some Other Stuff,Alan Jackson,1
160801,Bad Boys II,Soundtrack,1
161601,Chapter II,Ashanti,1
162001,Dangerously In Love,Beyonce,1
162201,After The Storm,Monica,1
162401,Dance With My Father,Luther Vandross,1
162601,St. Anger,Metallica,1
162801,How The West Was Won,Led Zeppelin,1
163001,14 Shades Of Grey,Staind,1
163201,The Golden Age Of Grotesque,Marilyn Manson,1
163401,Body Kiss,The Isley Brothers Featuring Ronald Isley,1
163601,Get Rich Or Die Tryin',50 Cent,1
163801,American Life,Madonna,1
164001,Thankful,Kelly Clarkson,1
164201,Faceless,Godsmack,1
164401,Meteora,Linkin Park,1
165401,Come Away With Me,Norah Jones,1
165601,Chocolate Factory,R. Kelly,1
166201,Home,Dixie Chicks,1
167001,8 Mile,Soundtrack,1
167401,Up!,Shania Twain,1
168401,The Blueprint 2: The Gift And The Curse,JAY-Z,1
169001,Shaman,Santana,1
169201,Cry,Faith Hill,1
169401,Elv1s: 30 #1 Hits,Elvis Presley,1
170801,The Eminem Show,Eminem,1
171001,Nellyville,Nelly,1
171201,The Rising,Bruce Springsteen,1
171601,Unleashed,Toby Keith,1
171801,Busted Stuff,Dave Matthews Band,1
173601,P. Diddy & Bad Boy Records Present... We Invented The Remix,Various Artists,1
173801,Juslisen (Just Listen),Musiq,1
174001,Hood Rich,Big Tymers,1
174201,"No Shoes, No Shirt, No Problems",Kenny Chesney,1
174401,Ashanti,Ashanti,1
175001,A New Day Has Come,Celine Dion,1
175201,Now 9,Various Artists,1
175401,"O Brother, Where Art Thou?",Soundtrack,1
175801,Under Rug Swept,Alanis Morissette,1
176001,J To Tha L-O! The Remixes,Jennifer Lopez,1
176201,Drive,Alan Jackson,1
177201,Weathered,Creed,1
178801,Scarecrow,Garth Brooks,1
179001,Britney,Britney Spears,1
179201,Invincible,Michael Jackson,1
179401,The Great Depression,DMX,1
179601,God Bless America,Various Artists,1
179801,Pain Is Love,Ja Rule,1
180201,The Blueprint,JAY-Z,1
180801,Toxicity,System Of A Down,1
181001,Aaliyah,Aaliyah,1
181401,Now 7,Various Artists,1
182001,Celebrity,'N Sync,1
182201,Songs In A Minor,Alicia Keys,1
182601,Devil's Night,D12,1
183201,Take Off Your Pants And Jacket,Blink-182,1
183401,Break The Cycle,Staind,1
184001,Lateralus,Tool,1
184201,Survivor,Destiny's Child,1
184601,All For You,Janet,1
184801,Now 6,Various Artists,1
185401,Until The End Of Time,2Pac,1
185601,Hotshot,Shaggy,1
186001,Everyday,Dave Matthews Band,1
187201,J.Lo,Jennifer Lopez,1
187401,1,The Beatles,1
188801,Black & Blue,Backstreet Boys,1
189401,tp-2.com,R. Kelly,1
189601,The Dynasty Roc La Familia (2000 -- ),JAY-Z,1
189801,Chocolate Starfish And The Hot Dog Flavored Water,Limp Bizkit,1
190201,Rule 3:36,Ja Rule,1
190401,Kid A,Radiohead,1
190601,Let's Get Ready,Mystikal,1
190801,Music,Madonna,1
191001,G.O.A.T. Featuring James T. Smith: The Greatest Of All Time,LL Cool J,1
191201,Country Grammar,Nelly,1
192201,Now 4,Various Artists,1
192801,The Marshall Mathers LP,Eminem,1
194401,Oops!...I Did It Again,Britney Spears,1
194601,No Strings Attached,'N Sync,1
196201,Supernatural,Santana,1
197401,Voodoo,D'Angelo,1
198401,Vol. 3... Life And Times Of S. Carter,JAY-Z,1
198601,...And Then There Was X,DMX,1
198801,All The Way...A Decade Of Song,Celine Dion,1
199001,Born Again,The Notorious B.I.G.,1
199601,Issues,Korn,1
199801,Breathe,Faith Hill,1
200001,The Battle Of Los Angeles,Rage Against The Machine,1
200801,Human Clay,Creed,1
201201,The Fragile,Nine Inch Nails,1
201401,Let There Be... EVE--Ruff Ryders' First Lady,Eve,1
201601,Fly,Dixie Chicks,1
202001,Christina Aguilera,Christina Aguilera,1
202201,Millennium,Backstreet Boys,1
202801,Significant Other,Limp Bizkit,1
205001,Ricky Martin,Ricky Martin,1
205201,A Place In The Sun,Tim McGraw,1
205401,Ruff Ryders: Ryde Or Die Vol. 1,Various Artists,1
205601,Fanmail,TLC,1
205801,I Am...,Nas,1
206201,...Baby One More Time,Britney Spears,1
208001,Chyna Doll,Foxy Brown,1
208201,Made Man,Silkk The Shocker,1
208601,Flesh Of My Flesh Blood Of My Blood,DMX,1
209201,Double Live,Garth Brooks,1
210201,Supposed Former Infatuation Junkie,Alanis Morissette,1
210601,Vol. 2... Hard Knock Life,JAY-Z,1
211601,The Miseducation Of Lauryn Hill,Lauryn Hill,1
211801,Mechanical Animals,Marilyn Manson,1
212601,Follow The Leader,Korn,1
212801,"Da Game Is To Be Sold, Not To Be Told",Snoop Dogg,1
213201,Hello Nasty,Beastie Boys,1
213801,Armageddon -- The Album,Soundtrack,1
214201,City Of Angels,Soundtrack,1
214601,MP Da Last Don,Master P,1
215201,It's Dark And Hell Is Hot,DMX,1
215401,The Limited Series,Garth Brooks,1
215801,Before These Crowded Streets,Dave Matthews Band,1
216001,Titanic,Soundtrack,1
219201,Let's Talk About Love,Celine Dion,1
219401,Sevens,Garth Brooks,1
220401,ReLoad,Metallica,1
220601,Higher Ground,Barbra Streisand,1
220801,Harlem World,Mase,1
221201,The Firm -- The Album,"NAS Escobar, Foxy Brown, AZ And Nature",1
221401,You Light Up My Life -- Inspirational Songs,LeAnn Rimes,1
221601,The Velvet Rope,Janet,1
222001,Evolution,Boyz II Men,1
222201,Butterfly,Mariah Carey,1
222601,Ghetto D,Master P,1
222801,No Way Out,Puff Daddy & The Family,1
223001,The Dance,Fleetwood Mac,1
223601,The Art Of War,Bone Thugs-N-Harmony,1
224001,Men In Black--The Album,Soundtrack,1
224401,The Fat Of The Land,The Prodigy,1
224601,Spice,Spice Girls,1
224801,Butterfly Kisses (Shades Of Grace),Bob Carlisle,1
225201,Wu-Tang Forever,Wu-Tang Clan,1
226201,Carrying Your Love With Me,George Strait,1
226401,Share My World,Mary J. Blige,1
226601,Life After Death,The Notorious B.I.G.,1
227401,Nine Lives,Aerosmith,1
227601,The Untouchable,Scarface,1
227801,Pop,U2,1
228001,Howard Stern Private Parts: The Album,Soundtrack,1
228201,Secret Samadhi,Live,1
228401,Unchained Melody/The Early Years,LeAnn Rimes,1
228601,Tragic Kingdom,No Doubt,1
228801,Gridlock'd,Soundtrack,1
230601,Razorblade Suitcase,Bush,1
231001,Tha Doggfather,Snoop Dogg,1
231201,The Don Killuminati: The 7 Day Theory,Makaveli,1
231401,Anthology 3,The Beatles,1
231601,Best Of Volume 1,Van Halen,1
231801,Recovering The Satellites,Counting Crows,1
232001,Falling Into You,Celine Dion,1
232201,From The Muddy Banks Of The Wishkah,Nirvana,1
232801,Home Again,New Edition,1
233001,No Code,Pearl Jam,1
233401,Jagged Little Pill,Alanis Morissette,1
234001,"Beats, Rhymes And Life",A Tribe Called Quest,1
234201,It Was Written,Nas,1
235001,Load,Metallica,1
235801,The Score,Fugees,1
236601,Fairweather Johnson,Hootie & The Blowfish,1
237001,Evil Empire,Rage Against The Machine,1
237801,Anthology 2,The Beatles,1
238601,All Eyez On Me,2Pac,1
239201,Waiting To Exhale,Soundtrack,1
240201,Daydream,Mariah Carey,1
240801,Anthology 1,The Beatles,1
241401,R. Kelly,R. Kelly,1
241601,Alice In Chains,Alice In Chains,1
241801,Dogg Food,Tha Dogg Pound,1
242001,Mellon Collie And The Infinite Sadness,The Smashing Pumpkins,1
243201,Cracked Rear View,Hootie & The Blowfish,1
243401,Dangerous Minds,Soundtrack,1
244401,E. 1999 Eternal,Bone Thugs-N-Harmony,1
244801,Dreaming Of You,Selena,1
245201,Pocahontas,Soundtrack,1
245401,"HIStory: Past, Present And Future Book 1",Michael Jackson,1
246001,Pulse,Pink Floyd,1
247001,Friday,Soundtrack,1
247401,Throwing Copper,Live,1
247601,The Lion King,Soundtrack,1
247801,Me Against The World,2Pac,1
249001,II,Boyz II Men,1
249201,The Hits,Garth Brooks,1
249801,Balance,Van Halen,1
251001,Miracles: The Holiday Album,Kenny G,1
251201,Vitalogy,Pearl Jam,1
251801,Hell Freezes Over,Eagles,1
252201,MTV Unplugged In New York,Nirvana,1
252401,Murder Was The Case,Soundtrack,1
253001,Monster,R.E.M.,1
253601,From The Cradle,Eric Clapton,1
256001,Purple,Stone Temple Pilots,1
256601,Ill Communication,Beastie Boys,1
256801,The Sign,Ace Of Base,1
257001,The Crow,Soundtrack,1
257201,Not A Moment Too Soon,Tim McGraw,1
257601,The Division Bell,Pink Floyd,1
258401,Longing In Their Hearts,Bonnie Raitt,1
258601,Far Beyond Driven: 20th Anniversary Edition,Pantera,1
259001,Superunknown,Soundgarden,1
259201,Toni Braxton,Toni Braxton,1
259401,Music Box,Mariah Carey,1
260001,Kickin' It Up,John Michael Montgomery,1
260201,Jar Of Flies (EP),Alice In Chains,1
261001,Doggy Style,Snoop Doggy Dogg,1
262201,Vs.,Pearl Jam,1
263201,Bat Out Of Hell II: Back Into Hell,Meat Loaf,1
263401,In Pieces,Garth Brooks,1
263801,In Utero,Nirvana,1
264601,River Of Dreams,Billy Joel,1
265201,Sleepless In Seattle,Soundtrack,1
265401,Black Sunday,Cypress Hill,1
265801,Zooropa,U2,1
266201,Back To Broadway,Barbra Streisand,1
266401,janet.,Janet Jackson,1
267601,The Bodyguard,Whitney Houston,1
268201,Get A Grip,Aerosmith,1
269001,Songs Of Faith And Devotion,Depeche Mode,1
272601,The Predator,Ice Cube,1
272801,The Chase,Garth Brooks,1
273001,Timeless (The Classics),Michael Bolton,1
274401,Some Gave All,Billy Ray Cyrus,1
277801,Totally Krossed Out,Kris Kross,1
278001,The Southern Harmony And Musical Companion,The Black Crowes,1
278401,Adrenalize,Def Leppard,1
279401,Wayne's World,Soundtrack,1
279801,Ropin' The Wind,Garth Brooks,1
281401,Nevermind,Nirvana,1
282201,Dangerous,Michael Jackson,1
283001,Achtung Baby,U2,1
284601,Use Your Illusion II,Guns N' Roses,1
285201,Metallica,Metallica,1
286001,Unforgettable: With Love,Natalie Cole,1
287001,For Unlawful Carnal Knowledge,Van Halen,1
287601,Slave To The Grind,Skid Row,1
287801,Efil4zaggin,N.W.A,1
288001,Spellbound,Paula Abdul,1
288401,Out Of Time,R.E.M.,1
288601,"Time, Love And Tenderness",Michael Bolton,1
289001,Mariah Carey,Mariah Carey,1
291201,To The Extreme,Vanilla Ice,1
294401,Please Hammer Don't Hurt 'Em,M.C. Hammer,1
298001,Step By Step,New Kids On The Block,1
298801,I Do Not Want What I Haven't Got,Sinead O'Connor,1
300001,Nick Of Time,Bonnie Raitt,1
300601,Forever Your Girl,Paula Abdul,1
302401,...But Seriously,Phil Collins,1
302801,Girl You Know It's True,Milli Vanilli,1
303601,Storm Front,Billy Joel,1
304401,Janet Jackson's Rhythm Nation 1814,Janet Jackson,1
305201,Dr. Feelgood,Motley Crue,1
306201,Hangin' Tough,New Kids On The Block,1
306601,Repeat Offender,Richard Marx,1
306801,Batman (Soundtrack),Prince,1
308001,The Raw & The Cooked,Fine Young Cannibals,1
309401,Like A Prayer,Madonna,1
310601,Loc-ed After Dark,Tone-Loc,1
310801,Electric Youth,Debbie Gibson,1
311801,Don't Be Cruel,Bobby Brown,1
312401,Appetite For Destruction,Guns N' Roses,1
313201,Giving You The Best That I Got,Anita Baker,1
314001,Rattle And Hum (Soundtrack),U2,1
315201,New Jersey,Bon Jovi,1
316601,Hysteria,Def Leppard,1
317201,Tracy Chapman,Tracy Chapman,1
317401,Roll With It,Steve Winwood,1
318401,OU812,Van Halen,1
319201,Faith,George Michael,1
320401,Dirty Dancing,Soundtrack,1
323201,Tiffany,Tiffany,1
325601,Tunnel Of Love,Bruce Springsteen,1
325801,Bad,Michael Jackson,1
327001,La Bamba,Soundtrack,1
327401,Whitney,Whitney Houston,1
329601,The Joshua Tree,U2,1
331401,Licensed To Ill,Beastie Boys,1
332801,Slippery When Wet,Bon Jovi,1
334201,Bruce Springsteen & The E Street Band 1975-1985,Bruce Springsteen,1
335601,Third Stage,Boston,1
336601,Fore!,Huey Lewis & The News,1
336801,Top Gun,Soundtrack,1
337001,Dancing On The Ceiling,Lionel Richie,1
337601,True Blue,Madonna,1
339201,Winner In You,Patti LaBelle,1
339401,Control,Janet Jackson,1
339801,Whitney Houston,Whitney Houston,1
341201,5150,Van Halen,1
343201,Welcome To The Real World,Mr. Mister,1
343401,Promise,Sade,1
343801,The Broadway Album,Barbra Streisand,1
344401,Miami Vice,Soundtrack,1
345201,Heart,Heart,1
346801,Brothers In Arms,Dire Straits,1
348601,Songs From The Big Chair,Tears For Fears,1
348801,Reckless,Bryan Adams,1
350001,No Jacket Required,Phil Collins,1
350201,Beverly Hills Cop,Soundtrack,1
350601,Around The World In A Day,Prince And The Revolution,1
351601,We Are The World,USA For Africa,1
353001,Centerfield,John Fogerty,1
353201,Make It Big,Wham!,1
353801,Like A Virgin,Madonna,1
354401,Born In The U.S.A.,Bruce Springsteen,1
355001,Purple Rain (Soundtrack),Prince And The Revolution,1
360601,Sports,Huey Lewis & The News,1
360801,Footloose,Soundtrack,1
362801,Thriller,Michael Jackson,1
366201,Can't Slow Down,Lionel Richie,1
366801,Metal Health,Quiet Riot,1
367001,Synchronicity,The Police,1
371001,Flashdance,Soundtrack,1
374801,Business As Usual,Men At Work,1
377801,American Fool,John Cougar,1
379601,Mirage,Fleetwood Mac,1
380601,Asia,Asia,1
382001,Tug Of War,Paul McCartney,1
383001,Chariots Of Fire (Soundtrack),Vangelis,1
383801,Beauty And The Beat,Go-Go's,1
385001,Freeze-frame,The J. Geils Band,1
386401,For Those About To Rock (We Salute You),AC/DC,1
388001,Tattoo You,The Rolling Stones,1
389801,Escape,Journey,1
390001,Bella Donna,Stevie Nicks,1
390601,Precious Time,Pat Benatar,1
390801,Long Distance Voyager,The Moody Blues,1
391401,Mistaken Idenity,Kim Carnes,1
392201,Hi Infidelity,REO Speedwagon,1
393401,Paradise Theater,Styx,1
395801,Double Fantasy,John Lennon & Yoko Ono,1
397401,Kenny Rogers' Greatest Hits,Kenny Rogers,1
397801,Guilty,Barbra Streisand,1
398001,The River,Bruce Springsteen,1
399201,The Game,Queen,1
400201,Hold Out,Jackson Browne,1
400401,Emotional Rescue,The Rolling Stones,1
401801,Glass Houses,Billy Joel,1
403001,Against The Wind,Bob Seger,1
404201,The Wall,Pink Floyd,1
407201,Bee Gee's Greatest,Bee Gees,1
407401,On The Radio: Greatest Hits: Volumes I & II,Donna Summer,1
407601,The Long Run,Eagles,1
409401,In Through The Out Door,Led Zeppelin,1
410801,Get The Knack,The Knack,1
411801,Bad Girls,Donna Summer,1
412801,Breakfast In America,Supertramp,1
414201,Minute By Minute,The Doobie Brothers,1
414801,Spirits Having Flown,Bee Gees,1
416401,Blondes Have More Fun,Rod Stewart,1
417001,Brief Case Full Of Blues,Blues Brothers,1
417201,52nd Street,Billy Joel,1
417401,"Barbra Streisand's Greatest Hits, Volume 2",Barbra Streisand,1
419401,Live And More,Donna Summer,1
419601,Living In The U.S.A.,Linda Ronstadt,1
419801,Grease,Soundtrack,1
420401,Don't Look Back,Boston,1
422601,Some Girls,The Rolling Stones,1
423001,City To City,Gerry Rafferty,1
423201,Saturday Night Fever,Soundtrack,1
428001,Rumours,Fleetwood Mac,1
428401,Simple Dreams,Linda Ronstadt,1
433201,Barry Manilow Live,Barry Manilow,1
435001,Hotel California,Eagles,1
438001,Songs In The Key Of Life,Stevie Wonder,1
438201,Wings Over America,Paul McCartney And Wings,1
441201,Frampton Comes Alive,Peter Frampton,1
442201,Fleetwood Mac,Fleetwood Mac,1
443001,Breezin',George Benson,1
443601,At The Speed Of Sound,Wings,1
444601,Black And Blue,The Rolling Stones,1
445601,Presence,Led Zeppelin,1
446201,Their Greatest Hits 1971-1975,Eagles,1
447401,Desire,Bob Dylan,1
448401,Gratitude,"Earth, Wind & Fire",1
449001,Chicago IX: Chicago's Greatest Hits,Chicago,1
450001,Still Crazy After All These Years,Paul Simon,1
450201,Red Octopus,Jefferson Starship,1
450401,Rock Of The Westies,Elton John,1
451201,Windsong,John Denver,1
451601,Wish You Were Here,Pink Floyd,1
452201,Between The Lines,Janis Ian,1
452401,The Heat Is On,The Isley Brothers,1
452801,Captain Fantastic And The Brown Dirt Cowboy,Elton John,1
453001,One Of These Nights,Eagles,1
454001,Venus And Mars,Wings,1
455401,That's The Way Of The World (Soundtrack),"Earth, Wind & Fire",1
456001,Chicago VIII,Chicago,1
456401,Physical Graffiti,Led Zeppelin,1
457601,Have You Never Been Mellow,Olivia Newton-John,1
457801,Blood On The Tracks,Bob Dylan,1
458201,AWB,Average White Band,1
458401,Heart Like A Wheel,Linda Ronstadt,1
458601,Fire,Ohio Players,1
460801,It's Only Rock 'N Roll,The Rolling Stones,1
461001,Walls And Bridges,John Lennon,1
461201,Wrap Around Joy,Carole King,1
461401,So Far,"Crosby, Stills, Nash & Young",1
461601,Can't Get Enough,Barry White,1
461801,Not Fragile,Bachman-Turner Overdrive,1
462001,If You Love Me Let Me Know,Olivia Newton-John,1
462201,Endless Summer,The Beach Boys,1
462401,Bad Company,Bad Company,1
462601,Fullfillingness First Finale,Stevie Wonder,1
463001,461 Ocean Boulevard,Eric Clapton,1
463801,Back Home Again,John Denver,1
464001,Caribou,Elton John,1
464801,Band On The Run,Paul McCartney And Wings,1
465001,Sundown,Gordon Lightfoot,1
465801,The Sting,Soundtrack,1
466801,Chicago VII,Chicago,1
467001,John Denver's Greatest Hits,John Denver,1
467801,The Way We Were,Barbra Streisand,1
468201,Planet Waves,Bob Dylan,1
469001,You Don't Mess Around With Jim,Jim Croce,1
470001,The Singles 1969-1973,Carpenters,1
470201,Goodbye Yellow Brick Road,Elton John,1
471801,Goats Head Soup,The Rolling Stones,1
472601,Brothers And Sisters,The Allman Brothers Band,1
473601,Chicago VI,Chicago,1
474001,A Passion Play,Jethro Tull,1
474801,Living In The Material World,George Harrison,1
475801,Red Rose Speedway,Paul McCartney And Wings,1
476401,The Beatles 1967-1970,The Beatles,1
476601,Houses Of The Holy,Led Zeppelin,1
477001,Aloha From Hawaii Via Satellite,Elvis Presley,1
477201,The Dark Side Of The Moon,Pink Floyd,1
477401,Billion Dollar Babies,Alice Cooper,1
477601,Lady Sings The Blues,Soundtrack,1
478001,Dueling Banjos,Eric Weissberg & Steve Mandell,1
478601,Don't Shoot Me I'm Only The Piano Player,Elton John,1
479001,The World Is A Ghetto,War,1
479401,No Secrets,Carly Simon,1
480401,Seventh Sojourn,The Moody Blues,1
481401,Catch Bull At Four,Cat Stevens,1
482001,Superfly,Curtis Mayfield,1
482801,Chicago V,Chicago,1
484601,Honky Chateau,Elton John,1
485601,Exile On Main St.,The Rolling Stones,1
486401,Thick As A Brick,Jethro Tull,1
486801,First Take,Roberta Flack,1
487801,America,America,1
488801,Harvest,Neil Young,1
489201,American Pie,Don McLean,1
491201,There's A Riot Goin' On,Sly & The Family Stone,1
491601,Santana III,Santana,1
492601,Shaft,Soundtrack,1
492801,Imagine,John Lennon,1
493001,Every Picture Tells A Story,Rod Stewart,1
493801,Tapestry,Carole King,1
496801,Sticky Fingers,The Rolling Stones,1
497601,4 Way Street,"Crosby, Stills, Nash & Young",1
497801,Jesus Christ Superstar,Various Artists,1
498201,Pearl,Janis Joplin,1
500201,All Things Must Pass,George Harrison,1
501601,Abraxas,Santana,1
502601,Led Zeppelin III,Led Zeppelin,1
503601,Cosmo's Factory,Creedence Clearwater Revival,1
505401,"Blood, Sweat & Tears 3","Blood, Sweat & Tears",1
505801,Woodstock,Soundtrack,1
506601,Let It Be (Soundtrack),The Beatles,1
507401,McCartney,Paul McCartney,1
508001,Deja Vu,"Crosby, Stills, Nash & Young",1
508201,Bridge Over Troubled Water,Simon & Garfunkel,1
510201,Led Zeppelin II,Led Zeppelin,1
511201,Abbey Road,The Beatles,1
513801,Green River,Creedence Clearwater Revival,1
514601,Blind Faith,Blind Faith,1
515001,Johnny Cash At San Quentin,Johnny Cash,1
515801,"Blood, Sweat & Tears","Blood, Sweat & Tears",1
516601,Hair,Original Cast Recording,1
519601,Wichita Lineman,Glen Campbell,1
520601,The Beatles [White Album],The Beatles,1
521201,TCB,Diana Ross & The Supremes,1
522801,Cheap Thrills,Big Brother And The Holding Company,1
523401,Electric Ladyland,The Jimi Hendrix Experience,1
524801,Waiting For The Sun,The Doors,1
525001,Time Peace/The Rascals' Greatest Hits,The Rascals,1
525801,Wheels Of Fire,Cream,1
526601,Beat Of The Brass,Herb Alpert & The Tijuana Brass,1
527001,Bookends,Simon & Garfunkel,1
527801,The Graduate,Soundtrack,1
530201,Blooming Hits,Paul Mauriat And His Orchestra,1
531201,Magical Mystery Tour (Soundtrack),The Beatles,1
532801,"Pisces, Aquarius, Capricorn, And Jones Ltd.",The Monkees,1
533801,Diana Ross And The Supremes Greatest Hits,Diana Ross & The Supremes,1
534801,Ode To Billie Joe,Bobbie Gentry,1
535201,Sgt. Pepper's Lonely Hearts Club Band,The Beatles,1
538192,Headquarters,The Monkees,1
538392,Sounds Like...,Herb Alpert & The Tijuana Brass,1
538592,More Of The Monkees,The Monkees,1
541697,The Monkees,The Monkees,1
543647,Doctor Zhivago,Soundtrack,1
543797,The Supremes A' Go-Go,The Supremes,1
544097,Revolver,The Beatles,1
544997,What Now My Love,Herb Alpert & The Tijuana Brass,1
545147,Yesterday And Today,The Beatles,1
545897,Strangers In Night,Frank Sinatra,1
547247,If You Can Believe Your Eyes And Ears,The Mamas & The Papas,1
547397,!!Going Places!!,Herb Alpert & The Tijuana Brass,1
548147,Ballads Of The Green Berets,SSgt Barry Sadler,1
549047,Whipped Cream & Other Delights,Herb Alpert's Tijuana Brass,1
549347,Rubber Soul,The Beatles,1
551147,The Sound Of Music,Soundtrack,1
551447,Help! (Soundtrack),The Beatles,1
552797,Out Of Our Heads,The Rolling Stones,1
553247,Beatles VI,The Beatles,1
554147,Mary Poppins,Soundtrack,1
556097,Goldfinger,Soundtrack,1
556697,Beatles '65,The Beatles,1
558047,Roustabout,Soundtrack,1
558197,Beach Boys In Concert,The Beach Boys,1
558797,People,Barbra Streisand,1
559547,A Hard Day's Night (Soundtrack),The Beatles,1
561647,Hello Dolly,Louis Armstrong,1
562547,"Hello, Dolly!",Original Cast,1
562697,The Beatles' Second Album,The Beatles,1
563447,Meet The Beatles!,The Beatles,1
565101,The Singing Nun,The Singing Nun (Soeur Sourire),1
566661,In The Wind,"Peter, Paul & Mary",1
567441,"Peter, Paul And Mary","Peter, Paul & Mary",1
567597,"My Son, The Nut",Allan Sherman,1
568845,Little Stevie Wonder/The 12 Year Old Genius,Stevie Wonder,1
568997,Days Of Wine And Roses,Andy Williams,1
