artist,album,id
"""Weird Al"" Yankovic",Mandatory Fun,1
'N Sync,Celebrity,1
'N Sync,No Strings Attached,8
2 Chainz,Based On A T.R.U. Story,1
21 Savage,I Am > I Was,2
2Pac,All Eyez On Me,2
2Pac,Loyal To The Game,1
2Pac,Me Against The World,4
2Pac,Until The End Of Time,1
3 Doors Down,3 Doors Down,1
3 Doors Down,Seventeen Days,1
5 Seconds Of Summer,5 Seconds Of Summer,1
5 Seconds Of Summer,Sounds Good Feels Good,1
5 Seconds Of Summer,Youngblood,1
50 Cent,Get Rich Or Die Tryin',6
50 Cent,The Massacre,6
A Boogie Wit da Hoodie,Hoodie SZN,1
A Tribe Called Quest,"Beats, Rhymes And Life",1
A Tribe Called Quest,We Got It From Here...Thank You 4 Your Service,1
A$AP Rocky,AT.LONG.LAST.A$AP,1
A$AP Rocky,Long.Live.A$AP,1
AC/DC,Black Ice,2
AC/DC,For Those About To Rock (We Salute You),3
AFI,Decemberunderground,1
Aaliyah,Aaliyah,1
Ace Of Base,The Sign,2
Adam Lambert,Trespassing,1
Adele,21,24
Adele,25,10
Aerosmith,Get A Grip,1
Aerosmith,Nine Lives,1
Alabama Shakes,Sound & Color,1
Alan Jackson,Drive,4
Alan Jackson,Good Time,1
Alan Jackson,Greatest Hits Volume II And Some Other Stuff,1
Alan Jackson,What I Do,1
Alanis Morissette,Jagged Little Pill,12
Alanis Morissette,Supposed Former Infatuation Junkie,2
Alanis Morissette,Under Rug Swept,1
Alice Cooper,Billion Dollar Babies,1
Alice In Chains,Alice In Chains,1
Alice In Chains,Jar Of Flies (EP),1
Alicia Keys,As I Am,4
Alicia Keys,Girl On Fire,1
Alicia Keys,Songs In A Minor,3
Alicia Keys,The Diary Of Alicia Keys,2
Alicia Keys,Unplugged,1
Allan Sherman,"My Son, The Nut",8
America,America,5
Amos Lee,Mission Bell,1
Andrea Bocelli,Si,1
Andy Williams,Days Of Wine And Roses,33
Anita Baker,Giving You The Best That I Got,4
Arcade Fire,Everything Now,1
Arcade Fire,Reflektor,1
Arcade Fire,The Suburbs,1
Ariana Grande,My Everything,1
Ariana Grande,Sweetener,1
Ariana Grande,Yours Truly,1
Ashanti,Ashanti,3
Ashanti,Chapter II,2
Ashlee Simpson,Autobiography,3
Ashlee Simpson,I Am Me,1
Asia,Asia,9
Audioslave,Out Of Exile,1
Avenged Sevenfold,Hail To The King,1
Avenged Sevenfold,Nightmare,1
Average White Band,AWB,1
Avril Lavigne,The Best Damn Thing,2
Avril Lavigne,Under My Skin,1
B.o.B,B.o.B Presents: The Adventures Of Bobby Ray,1
BTS,Love Yourself: Answer,1
BTS,Love Yourself: Tear,1
Bachman-Turner Overdrive,Not Fragile,1
Backstreet Boys,Black & Blue,2
Backstreet Boys,Millennium,10
Bad Company,Bad Company,1
Bad Meets Evil,Hell: The Sequel (EP),1
Barbra Streisand,Back To Broadway,1
Barbra Streisand,"Barbra Streisand's Greatest Hits, Volume 2",3
Barbra Streisand,Encore: Movie Partners Sing Broadway,1
Barbra Streisand,Guilty,3
Barbra Streisand,Higher Ground,1
Barbra Streisand,Love Is The Answer,1
Barbra Streisand,Partners,1
Barbra Streisand,People,5
Barbra Streisand,The Broadway Album,3
Barbra Streisand,The Way We Were,2
Barbra Streisand & Kris Kristofferson,A Star Is Born (Soundtrack),6
Barry Manilow,Barry Manilow Live,1
Barry Manilow,The Greatest Songs Of The Fifties,1
Barry White,Can't Get Enough,1
Beastie Boys,Hello Nasty,3
Beastie Boys,Ill Communication,1
Beastie Boys,Licensed To Ill,7
Beastie Boys,To The 5 Boroughs,1
Bee Gees,Bee Gee's Greatest,1
Bee Gees,Spirits Having Flown,6
Beyonce,4,2
Beyonce,B'Day,1
Beyonce,Beyonce,3
Beyonce,Dangerously In Love,1
Beyonce,I Am...Sasha Fierce,1
Beyonce,Lemonade,1
Big Brother And The Holding Company,Cheap Thrills,8
Big Sean,Dark Sky Paradise,1
Big Sean,I Decided.,1
Big Tymers,Hood Rich,1
Billy Joel,52nd Street,8
Billy Joel,Glass Houses,6
Billy Joel,River Of Dreams,3
Billy Joel,Storm Front,1
Billy Ray Cyrus,Some Gave All,17
Black Sabbath,13,1
Blake Shelton,BRINGING BACK THE SUNSHINE,1
Blake Shelton,Red River Blue,1
Blind Faith,Blind Faith,2
Blink-182,California,1
Blink-182,Take Off Your Pants And Jacket,1
"Blood, Sweat & Tears","Blood, Sweat & Tears",7
"Blood, Sweat & Tears","Blood, Sweat & Tears 3",2
Blues Brothers,Brief Case Full Of Blues,1
Bob Carlisle,Butterfly Kisses (Shades Of Grace),2
Bob Dylan,Blood On The Tracks,2
Bob Dylan,Desire,5
Bob Dylan,Modern Times,1
Bob Dylan,Planet Waves,4
Bob Dylan,Together Through Life,1
Bob Seger,Against The Wind,6
Bobbie Gentry,Ode To Billie Joe,2
Bobby Brown,Don't Be Cruel,6
Bon Jovi,Lost Highway,1
Bon Jovi,New Jersey,4
Bon Jovi,Slippery When Wet,8
Bon Jovi,The Circle,1
Bon Jovi,This House Is Not For Sale,2
Bon Jovi,What About Now,1
Bone Thugs-N-Harmony,E. 1999 Eternal,2
Bone Thugs-N-Harmony,The Art Of War,1
Bonnie Raitt,Longing In Their Hearts,1
Bonnie Raitt,Nick Of Time,3
Boston,Don't Look Back,2
Boston,Third Stage,4
Boyz II Men,Evolution,1
Boyz II Men,II,5
Brand New,Science Fiction,1
Breaking Benjamin,Dark Before Dawn,1
Britney Spears,...Baby One More Time,6
Britney Spears,Britney,1
Britney Spears,Circus,1
Britney Spears,Femme Fatale,1
Britney Spears,In The Zone,1
Britney Spears,Oops!...I Did It Again,1
BrockHampton,iridescence,1
Bruce Springsteen,Born In The U.S.A.,7
Bruce Springsteen,Bruce Springsteen & The E Street Band 1975-1985,7
Bruce Springsteen,Devils & Dust,1
Bruce Springsteen,Greatest Hits,2
Bruce Springsteen,High Hopes,1
Bruce Springsteen,Magic,2
Bruce Springsteen,The Rising,2
Bruce Springsteen,The River,4
Bruce Springsteen,Tunnel Of Love,1
Bruce Springsteen,Working On A Dream,1
Bruce Springsteen,Wrecking Ball,1
Bruno Mars,Unorthodox Jukebox,1
Bryan Adams,Reckless,2
Bryson Tiller,True To Self,1
Bush,Razorblade Suitcase,2
Busta Rhymes,The Big Bang,1
Cake,Showroom Of Compassion,1
Camila Cabello,Camila,1
Cardi B,Invasion Of Privacy,1
Carly Simon,No Secrets,5
Carole King,Music,3
Carole King,Tapestry,15
Carole King,Wrap Around Joy,1
Carpenters,The Singles 1969-1973,1
Carrie Underwood,Blown Away,2
Carrie Underwood,Carnival Ride,1
Carrie Underwood,Cry Pretty,1
Carrie Underwood,Play On,1
Cat Stevens,Catch Bull At Four,3
Celine Dion,A New Day Has Come,1
Celine Dion,All The Way...A Decade Of Song,3
Celine Dion,Falling Into You,3
Celine Dion,Let's Talk About Love,1
Chicago,Chicago IX: Chicago's Greatest Hits,5
Chicago,Chicago V,9
Chicago,Chicago VI,5
Chicago,Chicago VII,1
Chicago,Chicago VIII,2
Chris Brown,F.A.M.E.,1
Chris Brown,Fortune,1
Chris Stapleton,Traveller,2
Chris Tomlin,Burning Lights,1
Chrisette Michele,Epiphany,1
Christina Aguilera,Back To Basics,1
Christina Aguilera,Christina Aguilera,1
Ciara,Ciara: The Evolution,1
Clay Aiken,Measure Of A Man,2
Colbie Caillat,Breakthrough,1
Coldplay,Ghost Stories,2
Coldplay,Mylo Xyloto,1
Coldplay,Viva La Vida or Death And All His Friends,2
Coldplay,X&Y,3
Common,Finding Forever,1
Counting Crows,Recovering The Satellites,1
Cream,Wheels Of Fire,4
Creed,Human Clay,2
Creed,Weathered,8
Creedence Clearwater Revival,Cosmo's Factory,9
Creedence Clearwater Revival,Green River,4
"Crosby, Stills, Nash & Young",4 Way Street,1
"Crosby, Stills, Nash & Young",Deja Vu,1
"Crosby, Stills, Nash & Young",So Far,1
Curtis Mayfield,Superfly,4
Cypress Hill,Black Sunday,2
D'Angelo,Voodoo,2
D12,D12 World,1
D12,Devil's Night,2
DAY26,DAY26,1
DJ Khaled,Grateful,2
DJ Khaled,Major Key,1
DMX,...And Then There Was X,1
DMX,Flesh Of My Flesh Blood Of My Blood,3
DMX,Grand Champ,1
DMX,It's Dark And Hell Is Hot,1
DMX,The Great Depression,1
Daft Punk,Random Access Memories,2
Danity Kane,Danity Kane,1
Danity Kane,Welcome To The Dollhouse,1
Daughtry,Daughtry,2
Daughtry,Leave This Town,1
Dave Matthews Band,Away From The World,1
Dave Matthews Band,Before These Crowded Streets,1
Dave Matthews Band,Big Whiskey And The GrooGrux King,1
Dave Matthews Band,Busted Stuff,1
Dave Matthews Band,Come Tomorrow,1
Dave Matthews Band,Everyday,2
Dave Matthews Band,Stand Up,1
David Bowie,Blackstar,1
Death Cab For Cutie,Narrow Stairs,1
Debbie Gibson,Electric Youth,5
Def Leppard,Adrenalize,5
Def Leppard,Hysteria,6
Demi Lovato,Here We Go Again,1
Depeche Mode,Songs Of Faith And Devotion,1
Destiny's Child,#1's,1
Destiny's Child,Survivor,2
Diana Ross & The Supremes,Diana Ross And The Supremes Greatest Hits,5
Diana Ross & The Supremes,TCB,1
Diddy,Press Play,1
Dire Straits,Brothers In Arms,9
Disturbed,Asylum,1
Disturbed,Believe,1
Disturbed,Immortalized,1
Disturbed,Indestructible,1
Disturbed,Ten Thousand Fists,1
Dixie Chicks,Fly,2
Dixie Chicks,Home,4
Dixie Chicks,Taking The Long Way,2
Don McLean,American Pie,7
Donna Summer,Bad Girls,6
Donna Summer,Live And More,1
Donna Summer,On The Radio: Greatest Hits: Volumes I & II,1
Drake,If You're Reading This It's Too Late,1
Drake,More Life,3
Drake,Nothing Was The Same,1
Drake,Scorpion,5
Drake,Take Care,1
Drake,Thank Me Later,1
Drake,Views,13
Drake & Future,What A Time To Be Alive,1
Eagles,Hell Freezes Over,2
Eagles,Hotel California,8
Eagles,Long Road Out Of Eden,1
Eagles,One Of These Nights,5
Eagles,The Long Run,9
Eagles,Their Greatest Hits 1971-1975,5
"Earth, Wind & Fire",Gratitude,3
"Earth, Wind & Fire",That's The Way Of The World (Soundtrack),3
Ed Sheeran,x,1
Ed Sheeran,รท (Divide),2
Elton John,Captain Fantastic And The Brown Dirt Cowboy,7
Elton John,Caribou,4
Elton John,Don't Shoot Me I'm Only The Piano Player,2
Elton John,Goodbye Yellow Brick Road,8
Elton John,Greatest Hits,10
Elton John,Honky Chateau,5
Elton John,Rock Of The Westies,3
Elvis Presley,Aloha From Hawaii Via Satellite,1
Elvis Presley,Elv1s: 30 #1 Hits,3
Eminem,Curtain Call: The Hits,2
Eminem,Encore,4
Eminem,Kamikaze,1
Eminem,Recovery,7
Eminem,Relapse,2
Eminem,The Eminem Show,6
Eminem,The Marshall Mathers LP,8
Eminem,The Marshall Mathers LP 2,2
Eric Church,Chief,1
Eric Church,The Outsiders,1
Eric Clapton,461 Ocean Boulevard,4
Eric Clapton,From The Cradle,1
Eric Clapton,Unplugged,3
Eric Weissberg & Steve Mandell,Dueling Banjos,3
Evanescence,Evanescence,1
Evanescence,The Open Door,1
Eve,Let There Be... EVE--Ruff Ryders' First Lady,1
Fabolous,Loso's Way (Soundtrack),1
Faith Hill,Breathe,1
Faith Hill,Cry,1
Faith Hill,Fireflies,1
Fall Out Boy,American Beauty / American Psycho,1
Fall Out Boy,Infinity On High,1
Fall Out Boy,M A N I A,1
Fall Out Boy,Save Rock And Roll,1
Fetty Wap,Fetty Wap,1
Fine Young Cannibals,The Raw & The Cooked,7
Fleetwood Mac,Fleetwood Mac,1
Fleetwood Mac,Mirage,5
Fleetwood Mac,Rumours,31
Fleetwood Mac,The Dance,1
Florence + The Machine,How Big How Blue How Beautiful,1
Florida Georgia Line,Anything Goes,1
Foo Fighters,Concrete And Gold,1
Foo Fighters,Wasting Light,1
Foreigner,4,10
Foxy Brown,Chyna Doll,1
Frank Ocean,Blonde,1
Frank Sinatra,Strangers In Night,1
Fugees,The Score,4
Future,DS2,1
Future,EVOL,1
Future,FUTURE,1
Future,HNDRXX,1
Garth Brooks,Blame It All On My Roots: Five Decades Of Influences,1
Garth Brooks,Double Live,5
Garth Brooks,In Pieces,5
Garth Brooks,Ropin' The Wind,18
Garth Brooks,Scarecrow,1
Garth Brooks,Sevens,5
Garth Brooks,The Chase,7
Garth Brooks,The Hits,8
Garth Brooks,The Limited Series,2
Gary Allan,Set You Free,1
George Benson,Breezin',2
George Harrison,All Things Must Pass,7
George Harrison,Living In The Material World,5
George Michael,Faith,12
George Strait,50 Number Ones,2
George Strait,Carrying Your Love With Me,1
George Strait,Somewhere Down In Texas,1
George Strait,Troubadour,1
George Strait,Twang,1
Gerry Rafferty,City To City,1
Glen Campbell,Wichita Lineman,5
Go-Go's,Beauty And The Beat,6
Godsmack,Faceless,1
Godsmack,IV,1
Godsmack,The Oracle,1
Gordon Lightfoot,Sundown,2
Green Day,21st Century Breakdown,1
Green Day,American Idiot,3
Green Day,Revolution Radio,1
Gretchen Wilson,All Jacked Up,1
Guns N' Roses,Appetite For Destruction,5
Guns N' Roses,Use Your Illusion II,2
Gwen Stefani,This Is What The Truth Feels Like,1
Halsey,hopeless fountain kingdom,1
Harry Styles,Harry Styles,1
Heart,Heart,1
Herb Alpert & The Tijuana Brass,!!Going Places!!,6
Herb Alpert & The Tijuana Brass,Beat Of The Brass,2
Herb Alpert & The Tijuana Brass,Sounds Like...,1
Herb Alpert & The Tijuana Brass,What Now My Love,9
Herb Alpert's Tijuana Brass,Whipped Cream & Other Delights,8
Hilary Duff,Metamorphosis,1
Hilary Duff,Most Wanted,2
Hootie & The Blowfish,Cracked Rear View,8
Hootie & The Blowfish,Fairweather Johnson,2
Huey Lewis & The News,Fore!,1
Huey Lewis & The News,Sports,1
Ice Cube,The Predator,1
Il Divo,Ancora,1
Imagine Dragons,Smoke + Mirrors,1
Incubus,Light Grenades,1
India.Arie,"Testimony: Vol. 1, Life & Relationship (Bonus Track Edition)",1
J. Cole,2014 Forest Hills Drive,1
J. Cole,4 Your Eyez Only,1
J. Cole,Born Sinner,1
J. Cole,Cole World: The Sideline Story,1
J. Cole,KOD,1
JAY-Z,4:44,2
JAY-Z,American Gangster,1
JAY-Z,Kingdom Come,1
JAY-Z,Magna Carta... Holy Grail,2
JAY-Z,The Black Album,2
JAY-Z,The Blueprint,3
JAY-Z,The Blueprint 2: The Gift And The Curse,1
JAY-Z,The Blueprint 3,2
JAY-Z,The Dynasty Roc La Familia (2000 -- ),1
JAY-Z,Vol. 2... Hard Knock Life,5
JAY-Z,Vol. 3... Life And Times Of S. Carter,1
Ja Rule,Pain Is Love,2
Ja Rule,Rule 3:36,1
Jack Johnson,Curious George (Soundtrack),1
Jack Johnson,From Here To Now To You,1
Jack Johnson,Sleep Through The Static,3
Jack Johnson,To The Sea,1
Jack White,Blunderbuss,1
Jack White,Boarding House Reach,1
Jack White,Lazaretto,1
Jackson Browne,Hold Out,1
Jadakiss,Kiss Of Death,1
Jaheim,Ghetto Classics,1
James Taylor,Before This World,1
Jamie Foxx,Unpredictable,3
Janet,All For You,1
Janet,Discipline,1
Janet,The Velvet Rope,1
Janet,Unbreakable,1
Janet Jackson,Control,2
Janet Jackson,Janet Jackson's Rhythm Nation 1814,4
Janet Jackson,janet.,6
Janis Ian,Between The Lines,1
Janis Joplin,Pearl,9
Jason Aldean,Night Train,1
Jason Aldean,"Old Boots, New Dirt",1
Jason Aldean,Rearview Town,1
Jason Aldean,They Don't Know,1
Jay Z Kanye West,Watch The Throne,2
Jay-Z/Linkin Park,MTV Ultimate Mash-Ups Presents: Collision Course,1
Jeezy,Trap Or Die 3,1
Jefferson Starship,Red Octopus,4
Jennifer Lopez,J To Tha L-O! The Remixes,2
Jennifer Lopez,J.Lo,1
Jethro Tull,A Passion Play,1
Jethro Tull,Thick As A Brick,2
Jill Scott,The Light Of The Sun,1
Jill Scott,Woman,1
Jim Croce,You Don't Mess Around With Jim,5
Jimmy Buffett,License To Chill,1
John Cougar,American Fool,9
John Denver,Back Home Again,1
John Denver,John Denver's Greatest Hits,3
John Denver,Windsong,2
John Fogerty,Centerfield,1
John Lennon,Imagine,1
John Lennon,Walls And Bridges,1
John Lennon & Yoko Ono,Double Fantasy,8
John Mayer,Battle Studies,1
John Mayer,Born And Raised,2
John Mayer,Heavier Things,1
John Michael Montgomery,Kickin' It Up,1
Johnny Cash,American V: A Hundred Highways,1
Johnny Cash,Johnny Cash At San Quentin,4
Jonas Brothers,A Little Bit Longer,2
Jonas Brothers,"Lines, Vines And Trying Times",1
Josh Groban,All That Echoes,1
Josh Groban,Closer,1
Josh Groban,Noel,5
Journey,Escape,1
Justin Bieber,Believe,1
Justin Bieber,Believe: Acoustic,1
Justin Bieber,My World 2.0,4
Justin Bieber,Never Say Never: The Remixes (EP),1
Justin Bieber,Purpose,1
Justin Bieber,Under The Mistletoe,1
Justin Timberlake,FutureSex/LoveSounds,2
Justin Timberlake,Man Of The Woods,1
Justin Timberlake,The 20/20 Experience,3
Justin Timberlake,The 20/20 Experience (2 Of 2),1
Juvenile,Reality Check,1
Kane Brown,Experiment,1
Kanye West,808s & Heartbreak,1
Kanye West,Graduation,1
Kanye West,Late Registration,2
Kanye West,My Beautiful Dark Twisted Fantasy,1
Kanye West,The Life Of Pablo,1
Kanye West,Yeezus,1
Kanye West,ye,1
Katy Perry,PRISM,1
Katy Perry,Teenage Dream,1
Katy Perry,Witness,1
Ke$ha,Animal,1
Keith Urban,Defying Gravity,1
Keith Urban,Fuse,1
Kelly Clarkson,All I Ever Wanted,2
Kelly Clarkson,Piece By Piece,1
Kelly Clarkson,Thankful,1
Kendrick Lamar,DAMN.,4
Kendrick Lamar,To Pimp A Butterfly,2
Kendrick Lamar,untitled unmastered.,1
Kenny Chesney,Be As You Are: Songs From An Old Blue Chair,1
Kenny Chesney,Hemingway's Whiskey,1
Kenny Chesney,Life On A Rock,1
Kenny Chesney,Live In No Shoes Nation,1
Kenny Chesney,Lucky Old Sun,1
Kenny Chesney,"No Shoes, No Shirt, No Problems",1
Kenny Chesney,The Road And The Radio,1
Kenny Chesney,When The Sun Goes Down,1
Kenny G,Miracles: The Holiday Album,3
Kenny Rogers,Kenny Rogers' Greatest Hits,2
Kesha,Rainbow,1
Kid Rock,Rock N Roll Jesus,1
Kim Carnes,Mistaken Idenity,4
Kings Of Leon,Walls,1
Kodak Black,Dying To Live,1
Korn,Follow The Leader,1
Korn,Issues,1
Kris Kross,Totally Krossed Out,2
LCD Soundsystem,American Dream,1
LL Cool J,G.O.A.T. Featuring James T. Smith: The Greatest Of All Time,1
Lady Antebellum,Golden,1
Lady Antebellum,Need You Now,4
Lady Antebellum,Own The Night,1
Lady Gaga,ARTPOP,1
Lady Gaga,Born This Way,2
Lady Gaga,Joanne,1
Lady Gaga & Bradley Cooper,A Star Is Born (Soundtrack),3
Lana Del Rey,Lust For Life,1
Lana Del Rey,Ultraviolence,1
Lauryn Hill,The Miseducation Of Lauryn Hill,4
LeAnn Rimes,Unchained Melody/The Early Years,1
LeAnn Rimes,You Light Up My Life -- Inspirational Songs,3
LeToya,LeToya,1
Lecrae,Anomaly,1
Led Zeppelin,Houses Of The Holy,2
Led Zeppelin,How The West Was Won,1
Led Zeppelin,In Through The Out Door,7
Led Zeppelin,Led Zeppelin II,7
Led Zeppelin,Led Zeppelin III,4
Led Zeppelin,Physical Graffiti,6
Led Zeppelin,Presence,2
Leona Lewis,Spirit,1
Lil Uzi Vert,Luv Is Rage 2,1
Lil Wayne,I Am Not A Human Being,1
Lil Wayne,Tha Carter III,3
Lil Wayne,Tha Carter IV,2
Lil Wayne,Tha Carter V,1
Limp Bizkit,Chocolate Starfish And The Hot Dog Flavored Water,2
Limp Bizkit,Significant Other,4
Linda Ronstadt,Heart Like A Wheel,1
Linda Ronstadt,Living In The U.S.A.,1
Linda Ronstadt,Simple Dreams,5
Linkin Park,A Thousand Suns,1
Linkin Park,Living Things,1
Linkin Park,Meteora,2
Linkin Park,Minutes To Midnight,1
Linkin Park,One More Light,1
Lionel Richie,Can't Slow Down,3
Lionel Richie,Dancing On The Ceiling,2
Lionel Richie,Tuskegee,2
Live,Secret Samadhi,1
Live,Throwing Copper,1
Lloyd Banks,The Hunger For More,2
Logic,Bobby Tarantino II,1
Logic,Everybody,1
Lorde,Melodrama,1
Louis Armstrong,Hello Dolly,6
Ludacris,Battle Of The Sexes,1
Ludacris,Chicken*N*Beer,1
Ludacris,Release Therapy,1
Ludacris,The Red Light District,1
Luke Bryan,Crash My Party,2
Luke Bryan,Kill The Lights,2
Luke Bryan,Spring Break... Here To Party,1
Luke Bryan,What Makes You Country,1
Lupe Fiasco,Lasers,1
Luther Vandross,Dance With My Father,1
M.C. Hammer,Please Hammer Don't Hurt 'Em,21
Mac Miller,Blue Slide Park,1
Madonna,American Life,1
Madonna,Confessions On A Dance Floor,1
Madonna,Hard Candy,1
Madonna,Like A Prayer,6
Madonna,Like A Virgin,3
Madonna,MDNA,1
Madonna,Music,1
Madonna,True Blue,5
Makaveli,The Don Killuminati: The 7 Day Theory,1
Mariah Carey,Butterfly,1
Mariah Carey,Daydream,6
Mariah Carey,E=MC2,2
Mariah Carey,Mariah Carey,11
Mariah Carey,Music Box,8
Mariah Carey,The Emancipation Of Mimi,2
Marilyn Manson,Mechanical Animals,1
Marilyn Manson,The Golden Age Of Grotesque,1
Maroon 5,It Won't Be Soon Before Long,1
Maroon 5,V,1
Mary J. Blige,Growing Pains,1
Mary J. Blige,Love & Life,1
Mary J. Blige,Share My World,1
Mary J. Blige,The Breakthrough,2
Mase,Harlem World,2
Master P,Ghetto D,1
Master P,MP Da Last Don,2
Maxwell,BLACKsummers'night,1
Maxwell,Now,1
Meat Loaf,Bat Out Of Hell II: Back Into Hell,1
Meek Mill,Championships,1
Meek Mill,Dreams Worth More Than Money,2
Meghan Trainor,Title,1
Men At Work,Business As Usual,15
Metallica,Death Magnetic,3
Metallica,Hardwired...To Self-Destruct,1
Metallica,Load,4
Metallica,Metallica,4
Metallica,ReLoad,1
Metallica,St. Anger,1
Metro Boomin,Not All Heroes Wear Capes,1
Michael Bolton,"Time, Love And Tenderness",1
Michael Bolton,Timeless (The Classics),1
Michael Buble,Call Me Irresponsible,1
Michael Buble,Christmas,5
Michael Buble,Crazy Love,2
Michael Buble,To Be Loved,1
Michael Jackson,Bad,6
Michael Jackson,Dangerous,4
Michael Jackson,"HIStory: Past, Present And Future Book 1",2
Michael Jackson,Invincible,1
Michael Jackson,Michael Jackson's This Is It (Soundtrack),1
Michael Jackson,Thriller,37
Migos,Culture,1
Migos,Culture II,1
Miley Cyrus,Bangerz,1
Miley Cyrus,Breakout,1
Miley Cyrus,Hannah Montana 2 (Soundtrack)/Meet Miley Cyrus,1
Milli Vanilli,Girl You Know It's True,7
Miranda Lambert,Platinum,1
Modest Mouse,We Were Dead Before The Ship Even Sank,1
Monica,After The Storm,1
Motley Crue,Dr. Feelgood,2
Mr. Mister,Welcome To The Real World,1
Mumford & Sons,Babel,5
Mumford & Sons,Delta,1
Mumford & Sons,Wilder Mind,1
Muse,Drones,1
Musiq,Juslisen (Just Listen),1
Musiq Soulchild,Luvanmusiq,1
Mystikal,Let's Get Ready,1
N.W.A,Efil4zaggin,1
"NAS Escobar, Foxy Brown, AZ And Nature",The Firm -- The Album,1
NF,Perception,1
Nas,Hip Hop Is Dead,1
Nas,I Am...,2
Nas,It Was Written,4
Nas,Life Is Good,1
Nas,Untitled,1
Natalie Cole,Unforgettable: With Love,5
Ne-Yo,Because Of You,1
Ne-Yo,In My Own Words,1
Neil Diamond,Home Before Dark,1
Neil Young,Harvest,2
Nelly,Country Grammar,5
Nelly,Nellyville,4
Nelly,Suit,1
Nelly Furtado,Loose,1
New Edition,Home Again,1
New Kids On The Block,Hangin' Tough,2
New Kids On The Block,Step By Step,1
Niall Horan,Flicker,1
Nickelback,All The Right Reasons,1
Nicki Minaj,Pink Friday,1
Nicki Minaj,Pink Friday: Roman Reloaded,1
Nine Inch Nails,The Fragile,1
Nine Inch Nails,With Teeth,1
Nirvana,From The Muddy Banks Of The Wishkah,1
Nirvana,In Utero,1
Nirvana,MTV Unplugged In New York,1
Nirvana,Nevermind,2
No Doubt,Tragic Kingdom,9
Norah Jones,Come Away With Me,4
Norah Jones,Feels Like Home,6
Norah Jones,Not Too Late,3
Ohio Players,Fire,1
Olivia Newton-John,Have You Never Been Mellow,1
Olivia Newton-John,If You Love Me Let Me Know,1
Omarion,21,1
Omarion,O,1
One Direction,FOUR,1
One Direction,Midnight Memories,1
One Direction,Take Me Home,1
One Direction,Up All Night,1
Original Cast,"Hello, Dolly!",1
Original Cast Recording,Hair,13
OutKast,Speakerboxxx/The Love Below,7
P!nk,Beautiful Trauma,1
P!nk,The Truth About Love,1
Panic! At The Disco,Death Of A Bachelor,1
Panic! At The Disco,Pray For The Wicked,1
Pantera,Far Beyond Driven: 20th Anniversary Edition,1
Paramore,Paramore,1
Pat Benatar,Precious Time,1
Patti LaBelle,Winner In You,1
Paul Mauriat And His Orchestra,Blooming Hits,5
Paul McCartney,Egypt Station,1
Paul McCartney,McCartney,3
Paul McCartney,Tug Of War,3
Paul McCartney And Wings,Band On The Run,4
Paul McCartney And Wings,Red Rose Speedway,3
Paul McCartney And Wings,Wings Over America,1
Paul Simon,Still Crazy After All These Years,1
Paul Wall,The Peoples Champ,1
Paula Abdul,Forever Your Girl,10
Paula Abdul,Spellbound,2
Pearl Jam,Backspacer,1
Pearl Jam,Lightning Bolt,1
Pearl Jam,No Code,2
Pearl Jam,Vitalogy,1
Pearl Jam,Vs.,5
Pentatonix,A Pentatonix Christmas,2
Pentatonix,Pentatonix,1
Peter Frampton,Frampton Comes Alive,10
"Peter, Paul & Mary",In The Wind,5
"Peter, Paul & Mary","Peter, Paul And Mary",1
Phil Collins,...But Seriously,4
Phil Collins,No Jacket Required,7
Pink Floyd,Pulse,1
Pink Floyd,The Dark Side Of The Moon,1
Pink Floyd,The Division Bell,4
Pink Floyd,The Wall,15
Pink Floyd,Wish You Were Here,2
Post Malone,beerbongs & bentleys,3
Pretty Ricky,Late Night Special,1
Prince,3121,1
Prince,Batman (Soundtrack),6
Prince,The Very Best Of Prince,1
Prince And The Revolution,Around The World In A Day,3
Prince And The Revolution,Purple Rain (Soundtrack),24
Puff Daddy & The Family,No Way Out,4
Queen,The Game,5
Queens Of The Stone Age,...Like Clockwork,1
Quiet Riot,Metal Health,1
R. Kelly,Chocolate Factory,1
R. Kelly,Double Up,1
R. Kelly,R. Kelly,1
R. Kelly,TP.3 Reloaded,2
R. Kelly,tp-2.com,1
R. Kelly & Jay-Z,Unfinished Business,1
R.E.M.,Monster,2
R.E.M.,Out Of Time,2
REO Speedwagon,Hi Infidelity,15
Radiohead,In Rainbows,1
Radiohead,Kid A,1
Rage Against The Machine,Evil Empire,1
Rage Against The Machine,The Battle Of Los Angeles,1
Rascal Flatts,Feels Like Today,1
Rascal Flatts,Me And My Gang,3
Rascal Flatts,Still Feels Good,1
Rascal Flatts,Unstoppable,1
Ray Charles,Genius Loves Company,1
Reba,Keep On Loving You,1
Reba McEntire,Reba Duets,1
Red Hot Chili Peppers,Stadium Arcadium,2
Richard Marx,Repeat Offender,1
Rick Ross,Deeper Than Rap,1
Rick Ross,"God Forgives, I Don't",1
Rick Ross,Mastermind,1
Rick Ross,Port Of Miami,1
Rick Ross,Trilla,1
Ricky Martin,Ricky Martin,1
Rihanna,ANTI,2
Rihanna,Unapologetic,1
Rob Thomas,...Something To Be,1
Roberta Flack,First Take,5
Robin Thicke,Blurred Lines,1
Rod Stewart,Blondes Have More Fun,3
Rod Stewart,Every Picture Tells A Story,4
Rod Stewart,Stardust... The Great American Songbook Vol. III,1
Rod Stewart,Still The Same... Great Rock Classics Of Our Time,1
Ruben Studdard,Soulful,1
SSgt Barry Sadler,Ballads Of The Green Berets,5
Sade,Promise,2
Sade,Soldier Of Love,3
Sam Smith,The Thrill Of It All,1
Santana,Abraxas,6
Santana,Santana III,5
Santana,Shaman,1
Santana,Supernatural,12
Sara Bareilles,Kaleidoscope Heart,1
ScHoolboy Q,Oxymoron,1
Scarface,The Untouchable,1
Scotty McCreery,Clear As Day,1
Selena,Dreaming Of You,1
Selena Gomez,Revival,1
Selena Gomez,Stars Dance,1
Shaggy,Hotshot,6
Shania Twain,Now,1
Shania Twain,Up!,5
Shawn Mendes,Handwritten,1
Shawn Mendes,Illuminate,1
Shawn Mendes,Shawn Mendes,1
Sia,1000 Forms Of Fear,1
Silkk The Shocker,Made Man,1
Simon & Garfunkel,Bookends,7
Simon & Garfunkel,Bridge Over Troubled Water,10
Sinead O'Connor,I Do Not Want What I Haven't Got,6
Skid Row,Slave To The Grind,1
Slipknot,.5: The Gray Chapter,1
Slipknot,All Hope Is Gone,1
Sly & The Family Stone,There's A Riot Goin' On,2
Snoop Dogg,"Da Game Is To Be Sold, Not To Be Told",2
Snoop Dogg,Tha Doggfather,1
Snoop Doggy Dogg,Doggy Style,3
Solange,A Seat At The Table,1
Soundgarden,Superunknown,1
Soundtrack,8 Mile,4
Soundtrack,Armageddon -- The Album,2
Soundtrack,Bad Boys II,4
Soundtrack,Beverly Hills Cop,2
Soundtrack,"Black Panther: The Album, Music From And Inspired By",3
Soundtrack,City Of Angels,3
Soundtrack,Dangerous Minds,4
Soundtrack,Descendants,1
Soundtrack,Dirty Dancing,18
Soundtrack,Doctor Zhivago,1
Soundtrack,Dreamgirls,2
Soundtrack,Empire: Original Soundtrack From Season 1,1
Soundtrack,Fifty Shades Darker,1
Soundtrack,Flashdance,2
Soundtrack,Footloose,10
Soundtrack,Friday,2
Soundtrack,Frozen,13
Soundtrack,Furious 7,1
Soundtrack,"Glee: The Music, Journey To Regionals (EP)",1
Soundtrack,"Glee: The Music, The Power Of Madonna (EP)",1
Soundtrack,"Glee: The Music, Volume 3: Showstoppers:",2
Soundtrack,Goldfinger,3
Soundtrack,Grease,12
Soundtrack,Gridlock'd,1
Soundtrack,Guardians Of The Galaxy: Awesome Mix Vol. 1,2
Soundtrack,Hannah Montana,2
Soundtrack,Hannah Montana: The Movie,1
Soundtrack,High School Musical,2
Soundtrack,High School Musical 2,4
Soundtrack,Howard Stern Private Parts: The Album,1
Soundtrack,Juno,1
Soundtrack,La Bamba,2
Soundtrack,Lady Sings The Blues,2
Soundtrack,Les Miserables,1
Soundtrack,Mamma Mia!,1
Soundtrack,Mary Poppins,14
Soundtrack,Men In Black--The Album,2
Soundtrack,Miami Vice,11
Soundtrack,Murder Was The Case,2
Soundtrack,"O Brother, Where Art Thou?",2
Soundtrack,Pitch Perfect 2,1
Soundtrack,Pocahontas,1
Soundtrack,Roustabout,1
Soundtrack,Saturday Night Fever,24
Soundtrack,Shaft,1
Soundtrack,Sleepless In Seattle,1
Soundtrack,Suicide Squad: The Album,2
Soundtrack,The Crow,1
Soundtrack,The Graduate,9
Soundtrack,The Greatest Showman,2
Soundtrack,The Hunger Games: Songs From District 12 And Beyond,1
Soundtrack,The Lion King,10
Soundtrack,The Sound Of Music,2
Soundtrack,The Sting,5
Soundtrack,The Twilight Saga: New Moon,1
Soundtrack,Titanic,16
Soundtrack,Top Gun,5
Soundtrack,Twilight,1
Soundtrack,Waiting To Exhale,5
Soundtrack,Wayne's World,2
Soundtrack,Woodstock,4
Spice Girls,Spice,5
Staind,14 Shades Of Grey,1
Staind,Break The Cycle,3
Staind,Chapter V,1
Steve Winwood,Roll With It,1
Stevie Nicks,Bella Donna,1
Stevie Wonder,Fullfillingness First Finale,2
Stevie Wonder,Little Stevie Wonder/The 12 Year Old Genius,1
Stevie Wonder,Songs In The Key Of Life,14
Stone Temple Pilots,Purple,3
Styx,Paradise Theater,3
Sugarland,LIVE On The Inside,1
Sugarland,Love On The Inside,1
Sugarland,The Incredible Machine,1
Supertramp,Breakfast In America,6
Susan Boyle,I Dreamed A Dream,6
Susan Boyle,The Gift,4
System Of A Down,Hypnotize,1
System Of A Down,Mezmerize,1
System Of A Down,Toxicity,1
T-Pain,Epiphany,1
T.I.,King,1
T.I.,Paper Trail,2
T.I.,T.I. Vs T.I.P.,2
TLC,Fanmail,5
Taylor Swift,1989,11
Taylor Swift,Fearless,11
Taylor Swift,Red,7
Taylor Swift,Speak Now,6
Taylor Swift,reputation,4
Tears For Fears,Songs From The Big Chair,5
Tha Dogg Pound,Dogg Food,1
The 1975,"I Like It When You Sleep, For You Are So Beautiful Yet So Unaware Of It",1
The Allman Brothers Band,Brothers And Sisters,5
The Beach Boys,Beach Boys In Concert,4
The Beach Boys,Endless Summer,1
The Beatles,1,8
The Beatles,A Hard Day's Night (Soundtrack),14
The Beatles,Abbey Road,11
The Beatles,Anthology 1,3
The Beatles,Anthology 2,1
The Beatles,Anthology 3,1
The Beatles,Beatles '65,9
The Beatles,Beatles VI,6
The Beatles,Help! (Soundtrack),9
The Beatles,Let It Be (Soundtrack),4
The Beatles,Magical Mystery Tour (Soundtrack),8
The Beatles,Meet The Beatles!,11
The Beatles,Revolver,6
The Beatles,Rubber Soul,6
The Beatles,Sgt. Pepper's Lonely Hearts Club Band,15
The Beatles,The Beatles 1967-1970,1
The Beatles,The Beatles [White Album],9
The Beatles,The Beatles' Second Album,5
The Beatles,Yesterday And Today,5
The Black Crowes,The Southern Harmony And Musical Companion,1
The Black Eyed Peas,The E.N.D.,2
The Black Keys,Turn Blue,1
The Chainsmokers,Memories...Do Not Open,1
The Civil Wars,The Civil Wars,1
The Decemberists,The King Is Dead,1
The Doobie Brothers,Minute By Minute,5
The Doors,Waiting For The Sun,4
The Fray,The Fray,1
The Game,Doctor's Advocate,1
The Game,The Documentary,2
The Game,The R.E.D. Album,1
The Isley Brothers,The Heat Is On,1
The Isley Brothers Featuring Ronald Isley,Body Kiss,1
The J. Geils Band,Freeze-frame,4
The Jimi Hendrix Experience,Electric Ladyland,2
The Killers,Wonderful Wonderful,1
The Knack,Get The Knack,5
The Lumineers,Cleopatra,1
The Mamas & The Papas,If You Can Believe Your Eyes And Ears,1
The Monkees,Headquarters,1
The Monkees,More Of The Monkees,18
The Monkees,"Pisces, Aquarius, Capricorn, And Jones Ltd.",5
The Monkees,The Monkees,13
The Moody Blues,Long Distance Voyager,3
The Moody Blues,Seventh Sojourn,5
The Notorious B.I.G.,Born Again,1
The Notorious B.I.G.,Greatest Hits,1
The Notorious B.I.G.,Life After Death,4
The Police,Synchronicity,17
The Prodigy,The Fat Of The Land,1
The Rascals,Time Peace/The Rascals' Greatest Hits,1
The Rolling Stones,Black And Blue,4
The Rolling Stones,Emotional Rescue,7
The Rolling Stones,Exile On Main St.,4
The Rolling Stones,Goats Head Soup,4
The Rolling Stones,It's Only Rock 'N Roll,1
The Rolling Stones,Out Of Our Heads,3
The Rolling Stones,Some Girls,2
The Rolling Stones,Sticky Fingers,4
The Rolling Stones,Tattoo You,9
The Singing Nun (Soeur Sourire),The Singing Nun,10
The Smashing Pumpkins,Mellon Collie And The Infinite Sadness,1
The Supremes,The Supremes A' Go-Go,2
The Weeknd,Beauty Behind The Madness,3
The Weeknd,"My Dear Melancholy, (EP)",1
The Weeknd,Starboy,5
Thomas Rhett,Life Changes,1
Tiffany,Tiffany,2
Tim McGraw,A Place In The Sun,1
Tim McGraw,Let It Go,1
Tim McGraw,Live Like You Were Dying,2
Tim McGraw,Not A Moment Too Soon,2
Toby Keith,Big Dog Daddy,1
Toby Keith,Bullets In The Gun,1
Toby Keith,Shock'n Y'All,1
Toby Keith,Unleashed,1
Tom Petty And The Heartbreakers,Hypnotic Eye,1
Tone-Loc,Loc-ed After Dark,1
Toni Braxton,Toni Braxton,2
Tony Bennett,Duets II,1
Tony Bennett & Lady Gaga,Cheek To Cheek,1
Tool,"10,000 Days",1
Tool,Lateralus,1
Tracy Chapman,Tracy Chapman,1
Travis Scott,ASTROWORLD,3
Travis Scott,Birds In The Trap Sing McKnight,1
Trey Songz,Chapter V,1
Trey Songz,Trigga,1
Twista,Kamikaze,1
Tyrese,Black Rose,1
U2,Achtung Baby,1
U2,How To Dismantle An Atomic Bomb,1
U2,No Line On The Horizon,1
U2,Pop,1
U2,Rattle And Hum (Soundtrack),6
U2,Songs Of Experience,1
U2,The Joshua Tree,9
U2,Zooropa,2
UGK,Underground Kingz,1
USA For Africa,We Are The World,3
Usher,Confessions,9
Usher,Here I Stand,1
Usher,Looking 4 Myself,1
Usher,Raymond V Raymond,1
Vampire Weekend,Contra,1
Vampire Weekend,Modern Vampires Of The City,1
Van Halen,5150,3
Van Halen,Balance,1
Van Halen,Best Of Volume 1,1
Van Halen,For Unlawful Carnal Knowledge,3
Van Halen,OU812,4
Vangelis,Chariots Of Fire (Soundtrack),4
Vanilla Ice,To The Extreme,16
Various Artists,God Bless America,1
Various Artists,Hope For Haiti Now,1
Various Artists,Jesus Christ Superstar,3
Various Artists,NOW 20,2
Various Artists,NOW 22,3
Various Artists,NOW 23,1
Various Artists,NOW 24,2
Various Artists,NOW 25,2
Various Artists,NOW 30,1
Various Artists,NOW 31,1
Various Artists,NOW 37,1
Various Artists,NOW 43,1
Various Artists,NOW 49,1
Various Artists,NOW 50,1
Various Artists,Now 16,2
Various Artists,Now 17,1
Various Artists,Now 19,2
Various Artists,Now 4,3
Various Artists,Now 6,3
Various Artists,Now 7,3
Various Artists,Now 9,1
Various Artists,P. Diddy & Bad Boy Records Present... We Invented The Remix,1
Various Artists,Ruff Ryders: Ryde Or Die Vol. 1,1
Various Artists,The Hamilton Mixtape,1
Various Artists,The Neptunes Present... Clones,1
Velvet Revolver,Contraband,1
Wale,The Album About Nothing,1
Wale,The Gifted,1
War,The World Is A Ghetto,2
Wham!,Make It Big,3
Whitney Houston,I Look To You,1
Whitney Houston,The Bodyguard,20
Whitney Houston,Whitney,11
Whitney Houston,Whitney Houston,14
Wings,At The Speed Of Sound,7
Wings,Venus And Mars,1
Wiz Khalifa,Blacc Hollywood,1
Wu-Tang Clan,Wu-Tang Forever,1
XXXTENTACION,?,1
XXXTENTACION,Skins,1
Young Jeezy,The Inspiration,1
Young Jeezy,The Recession,1
Zac Brown Band,JEKYLL + HYDE,1
Zac Brown Band,Uncaged,2
Zac Brown Band,You Get What You Give,1
Zayn,Mind Of Mine,1
matchbox twenty,North,1
tobyMac,Eye On It,1
twenty one pilots,Blurryface,1
